date,hashtag,ratio
2026-01-01,국내여행,45.26548
2026-01-02,국내여행,47.92035
2026-01-03,국내여행,38.18584
2026-01-04,국내여행,44.07079
2026-01-05,국내여행,46.37168
2026-01-06,국내여행,50.17699
2026-01-07,국내여행,47.25663
2026-01-08,국내여행,45.9292
2026-01-09,국내여행,44.07079
2026-01-10,국내여행,37.83185
2026-01-11,국내여행,43.8938
2026-01-12,국내여행,48.45132
2026-01-13,국내여행,43.8938
2026-01-14,국내여행,47.38938
2026-01-15,국내여행,48.62831
2026-01-16,국내여행,44.24778
2026-01-17,국내여행,40.22123
2026-01-18,국내여행,49.9115
2026-01-19,국내여행,52.16814
2026-01-20,국내여행,47.78761
2026-01-21,국내여행,43.45132
2026-01-22,국내여행,43.18584
2026-01-23,국내여행,42.21238
2026-01-24,국내여행,42.16814
2026-01-25,국내여행,46.81415
2026-01-26,국내여행,50.57522
2026-01-27,국내여행,53.40707
2026-01-28,국내여행,50.48672
2026-01-29,국내여행,46.15044
2026-01-30,국내여행,43.00884
2026-01-31,국내여행,41.63716
2026-02-01,국내여행,48.09734
2026-02-02,국내여행,49.77876
2026-02-03,국내여행,51.28318
2026-02-04,국내여행,47.25663
2026-02-05,국내여행,46.23893
2026-02-06,국내여행,42.30088
2026-02-07,국내여행,37.69911
2026-02-08,국내여행,49.77876
2026-02-09,국내여행,52.25663
2026-02-10,국내여행,45.61946
2026-02-11,국내여행,45.13274
2026-02-12,국내여행,44.9115
2026-02-13,국내여행,38.71681
2026-02-14,국내여행,35.04424
2026-02-15,국내여행,35.75221
2026-02-16,국내여행,31.10619
2026-02-17,국내여행,35.22123
2026-02-18,국내여행,43.31858
2026-02-19,국내여행,50.08849
2026-02-20,국내여행,54.11504
2026-02-21,국내여행,42.38938
2026-02-22,국내여행,49.55752
2026-02-23,국내여행,58.9823
2026-02-24,국내여행,55.39823
2026-02-25,국내여행,50.57522
2026-02-26,국내여행,53.18584
2026-02-27,국내여행,57.9646
2026-02-28,국내여행,44.95575
2026-03-01,국내여행,36.32743
2026-03-02,국내여행,33.23008
2026-03-03,국내여행,35.13274
2026-03-04,국내여행,35.8407
2026-03-05,국내여행,40.79646
2026-03-06,국내여행,39.38053
2026-03-07,국내여행,33.00884
2026-03-08,국내여행,36.23893
2026-03-09,국내여행,44.38053
2026-03-10,국내여행,40.97345
2026-03-11,국내여행,43.36283
2026-03-12,국내여행,45.08849
2026-03-13,국내여행,42.8761
2026-03-14,국내여행,35.53097
2026-03-15,국내여행,38.62831
2026-03-16,국내여행,45.26548
2026-03-17,국내여행,46.76991
2026-03-18,국내여행,44.51327
2026-03-19,국내여행,47.83185
2026-03-20,국내여행,46.10619
2026-03-21,국내여행,44.64601
2026-03-22,국내여행,41.19469
2026-03-23,국내여행,47.43362
2026-03-24,국내여행,50.61946
2026-03-25,국내여행,49.02654
2026-03-26,국내여행,50.26548
2026-03-27,국내여행,43.58407
2026-03-28,국내여행,41.8584
2026-03-29,국내여행,41.06194
2026-03-30,국내여행,50.26548
2026-03-31,국내여행,47.61061
2026-04-01,국내여행,44.02654
2026-04-02,국내여행,47.83185
2026-04-03,국내여행,41.59292
2026-04-04,국내여행,36.37168
2026-04-05,국내여행,44.60176
2026-04-06,국내여행,52.8761
2026-04-07,국내여행,54.73451
2026-04-08,국내여행,49.38053
2026-04-09,국내여행,52.52212
2026-04-10,국내여행,44.60176
2026-04-11,국내여행,41.46017
2026-04-12,국내여행,47.74336
2026-04-13,국내여행,57.30088
2026-04-14,국내여행,57.03539
2026-04-15,국내여행,55.61946
2026-04-16,국내여행,50.75221
2026-04-17,국내여행,49.38053
2026-04-18,국내여행,43.27433
2026-04-19,국내여행,48.09734
2026-04-20,국내여행,59.86725
2026-04-21,국내여행,61.81415
2026-04-22,국내여행,59.55752
2026-04-23,국내여행,57.34513
2026-04-24,국내여행,53.76106
2026-04-25,국내여행,50.48672
2026-04-26,국내여행,59.823
2026-04-27,국내여행,72.12389
2026-04-28,국내여행,68.27433
2026-04-29,국내여행,67.56637
2026-04-30,국내여행,64.07079
2026-05-01,국내여행,55.53097
2026-05-02,국내여행,38.05309
2026-05-03,국내여행,40.53097
2026-05-04,국내여행,39.29203
2026-05-05,국내여행,37.43362
2026-05-06,국내여행,40.30973
2026-05-07,국내여행,36.9469
2026-05-08,국내여행,36.19469
2026-05-09,국내여행,31.72566
2026-05-10,국내여행,39.46902
2026-05-11,국내여행,46.28318
2026-05-12,국내여행,41.99115
2026-05-13,국내여행,43.00884
2026-05-14,국내여행,41.23893
2026-05-15,국내여행,41.9469
2026-05-16,국내여행,31.68141
2026-05-17,국내여행,42.21238
2026-05-18,국내여행,50.48672
2026-05-19,국내여행,50.13274
2026-05-20,국내여행,49.64601
2026-05-21,국내여행,45.53097
2026-05-22,국내여행,52.03539
2026-05-23,국내여행,42.03539
2026-05-24,국내여행,36.46017
2026-05-25,국내여행,34.64601
2026-05-26,국내여행,37.8761
2026-05-27,국내여행,35.88495
2026-05-28,국내여행,37.16814
2026-05-29,국내여행,38.00884
2026-05-30,국내여행,32.47787
2026-05-31,국내여행,32.92035
2026-06-01,국내여행,39.38053
2026-06-02,국내여행,36.63716
2026-06-03,국내여행,34.24778
2026-06-04,국내여행,39.77876
2026-06-05,국내여행,43.09734
2026-06-06,국내여행,34.64601
2026-06-07,국내여행,36.46017
2026-06-08,국내여행,45.08849
2026-06-09,국내여행,42.56637
2026-06-10,국내여행,42.65486
2026-01-01,다이어트,82.40114
2026-01-02,다이어트,82.68614
2026-01-03,다이어트,87.63804
2026-01-04,다이어트,91.48557
2026-01-05,다이어트,100.0
2026-01-06,다이어트,89.98931
2026-01-07,다이어트,81.61738
2026-01-08,다이어트,79.51549
2026-01-09,다이어트,71.78482
2026-01-10,다이어트,67.01104
2026-01-11,다이어트,78.48236
2026-01-12,다이어트,82.72176
2026-01-13,다이어트,87.74492
2026-01-14,다이어트,76.4161
2026-01-15,다이어트,72.53295
2026-01-16,다이어트,68.47167
2026-01-17,다이어트,63.62664
2026-01-18,다이어트,73.0317
2026-01-19,다이어트,82.93551
2026-01-20,다이어트,76.48735
2026-01-21,다이어트,65.51478
2026-01-22,다이어트,66.93979
2026-01-23,다이어트,59.56537
2026-01-24,다이어트,55.21909
2026-01-25,다이어트,58.95974
2026-01-26,다이어트,75.27609
2026-01-27,다이어트,71.89169
2026-01-28,다이어트,64.80228
2026-01-29,다이어트,75.98859
2026-01-30,다이어트,60.91913
2026-01-31,다이어트,54.22158
2026-02-01,다이어트,66.19166
2026-02-02,다이어트,68.32917
2026-02-03,다이어트,65.15853
2026-02-04,다이어트,65.01603
2026-02-05,다이어트,66.76166
2026-02-06,다이어트,58.78161
2026-02-07,다이어트,51.54969
2026-02-08,다이어트,56.96473
2026-02-09,다이어트,62.73601
2026-02-10,다이어트,62.23726
2026-02-11,다이어트,59.20912
2026-02-12,다이어트,57.78411
2026-02-13,다이어트,48.34342
2026-02-14,다이어트,45.38653
2026-02-15,다이어트,43.81902
2026-02-16,다이어트,45.13715
2026-02-17,다이어트,51.37157
2026-02-18,다이어트,65.47915
2026-02-19,다이어트,73.53045
2026-02-20,다이어트,63.09226
2026-02-21,다이어트,59.56537
2026-02-22,다이어트,68.6498
2026-02-23,다이어트,78.09048
2026-02-24,다이어트,67.33167
2026-02-25,다이어트,71.07231
2026-02-26,다이어트,59.60099
2026-02-27,다이어트,54.72034
2026-02-28,다이어트,51.40719
2026-03-01,다이어트,58.24723
2026-03-02,다이어트,64.94478
2026-03-03,다이어트,62.98539
2026-03-04,다이어트,61.13288
2026-03-05,다이어트,64.33915
2026-03-06,다이어트,55.71784
2026-03-07,다이어트,54.57784
2026-03-08,다이어트,60.27787
2026-03-09,다이어트,68.2223
2026-03-10,다이어트,67.33167
2026-03-11,다이어트,67.90167
2026-03-12,다이어트,63.69789
2026-03-13,다이어트,57.39223
2026-03-14,다이어트,56.28785
2026-03-15,다이어트,63.87602
2026-03-16,다이어트,70.25293
2026-03-17,다이어트,71.25044
2026-03-18,다이어트,65.47915
2026-03-19,다이어트,66.54791
2026-03-20,다이어트,62.41539
2026-03-21,다이어트,54.29283
2026-03-22,다이어트,64.08977
2026-03-23,다이어트,76.77235
2026-03-24,다이어트,71.74919
2026-03-25,다이어트,70.53794
2026-03-26,다이어트,69.3623
2026-03-27,다이어트,56.18097
2026-03-28,다이어트,51.76344
2026-03-29,다이어트,62.13038
2026-03-30,다이어트,69.61168
2026-03-31,다이어트,64.8379
2026-04-01,다이어트,68.86355
2026-04-02,다이어트,63.66227
2026-04-03,다이어트,59.88599
2026-04-04,다이어트,52.2622
2026-04-05,다이어트,60.741
2026-04-06,다이어트,73.3167
2026-04-07,다이어트,65.51478
2026-04-08,다이어트,65.05165
2026-04-09,다이어트,64.6954
2026-04-10,다이어트,54.11471
2026-04-11,다이어트,52.15532
2026-04-12,다이어트,63.62664
2026-04-13,다이어트,76.23797
2026-04-14,다이어트,70.00356
2026-04-15,다이어트,71.49982
2026-04-16,다이어트,66.83291
2026-04-17,다이어트,58.71036
2026-04-18,다이어트,52.5472
2026-04-19,다이어트,62.77164
2026-04-20,다이어트,73.06733
2026-04-21,다이어트,65.69291
2026-04-22,다이어트,61.38225
2026-04-23,다이어트,60.741
2026-04-24,다이어트,54.04346
2026-04-25,다이어트,48.91343
2026-04-26,다이어트,58.14036
2026-04-27,다이어트,65.87103
2026-04-28,다이어트,57.28535
2026-04-29,다이어트,56.53722
2026-04-30,다이어트,44.88778
2026-05-01,다이어트,41.61026
2026-05-02,다이어트,46.17028
2026-05-03,다이어트,51.87032
2026-05-04,다이어트,54.43534
2026-05-05,다이어트,58.24723
2026-05-06,다이어트,66.29853
2026-05-07,다이어트,60.24225
2026-05-08,다이어트,53.50908
2026-05-09,다이어트,46.27716
2026-05-10,다이어트,56.3591
2026-05-11,다이어트,68.68542
2026-05-12,다이어트,64.33915
2026-05-13,다이어트,61.77413
2026-05-14,다이어트,60.99038
2026-05-15,다이어트,54.11471
2026-05-16,다이어트,49.23405
2026-05-17,다이어트,55.96722
2026-05-18,다이어트,70.43106
2026-05-19,다이어트,65.76416
2026-05-20,다이어트,59.77912
2026-05-21,다이어트,59.13786
2026-05-22,다이어트,51.69219
2026-05-23,다이어트,43.35589
2026-05-24,다이어트,48.8778
2026-05-25,다이어트,63.19914
2026-05-26,다이어트,67.58104
2026-05-27,다이어트,61.20413
2026-05-28,다이어트,59.17349
2026-05-29,다이어트,53.93658
2026-05-30,다이어트,55.50409
2026-05-31,다이어트,59.95724
2026-06-01,다이어트,71.03669
2026-06-02,다이어트,53.72283
2026-06-03,다이어트,53.43783
2026-06-04,다이어트,57.32098
2026-06-05,다이어트,50.80156
2026-06-06,다이어트,56.85785
2026-06-07,다이어트,60.171
2026-06-08,다이어트,67.75917
2026-06-09,다이어트,71.39294
2026-06-10,다이어트,70.43106
2026-01-01,등산,22.74336
2026-01-02,등산,15.53097
2026-01-03,등산,17.61061
2026-01-04,등산,19.77876
2026-01-05,등산,15.9292
2026-01-06,등산,15.66371
2026-01-07,등산,12.8761
2026-01-08,등산,11.46017
2026-01-09,등산,12.07964
2026-01-10,등산,13.14159
2026-01-11,등산,14.38053
2026-01-12,등산,13.53982
2026-01-13,등산,12.69911
2026-01-14,등산,12.61061
2026-01-15,등산,13.40707
2026-01-16,등산,16.10619
2026-01-17,등산,16.68141
2026-01-18,등산,16.41592
2026-01-19,등산,11.72566
2026-01-20,등산,11.06194
2026-01-21,등산,10.79646
2026-01-22,등산,11.9469
2026-01-23,등산,13.00884
2026-01-24,등산,14.95575
2026-01-25,등산,15.26548
2026-01-26,등산,13.71681
2026-01-27,등산,13.18584
2026-01-28,등산,12.12389
2026-01-29,등산,13.27433
2026-01-30,등산,13.36283
2026-01-31,등산,16.59292
2026-02-01,등산,16.68141
2026-02-02,등산,14.07079
2026-02-03,등산,13.67256
2026-02-04,등산,12.74336
2026-02-05,등산,13.9823
2026-02-06,등산,13.31858
2026-02-07,등산,15.22123
2026-02-08,등산,15.70796
2026-02-09,등산,13.62831
2026-02-10,등산,11.9469
2026-02-11,등산,14.11504
2026-02-12,등산,12.65486
2026-02-13,등산,15.04424
2026-02-14,등산,15.97345
2026-02-15,등산,18.9823
2026-02-16,등산,18.62831
2026-02-17,등산,19.77876
2026-02-18,등산,20.48672
2026-02-19,등산,18.71681
2026-02-20,등산,21.23893
2026-02-21,등산,25.04424
2026-02-22,등산,22.12389
2026-02-23,등산,17.92035
2026-02-24,등산,15.97345
2026-02-25,등산,18.62831
2026-02-26,등산,16.50442
2026-02-27,등산,18.18584
2026-02-28,등산,24.73451
2026-03-01,등산,24.60176
2026-03-02,등산,14.51327
2026-03-03,등산,15.44247
2026-03-04,등산,15.97345
2026-03-05,등산,15.57522
2026-03-06,등산,15.75221
2026-03-07,등산,21.72566
2026-03-08,등산,20.8407
2026-03-09,등산,18.58407
2026-03-10,등산,16.54867
2026-03-11,등산,16.8584
2026-03-12,등산,16.32743
2026-03-13,등산,18.14159
2026-03-14,등산,20.53097
2026-03-15,등산,23.00884
2026-03-16,등산,19.38053
2026-03-17,등산,16.90265
2026-03-18,등산,14.73451
2026-03-19,등산,16.72566
2026-03-20,등산,17.74336
2026-03-21,등산,22.12389
2026-03-22,등산,24.95575
2026-03-23,등산,21.81415
2026-03-24,등산,19.9115
2026-03-25,등산,17.12389
2026-03-26,등산,17.69911
2026-03-27,등산,22.21238
2026-03-28,등산,22.8761
2026-03-29,등산,23.58407
2026-03-30,등산,16.54867
2026-03-31,등산,16.06194
2026-04-01,등산,14.55752
2026-04-02,등산,14.07079
2026-04-03,등산,14.60176
2026-04-04,등산,16.10619
2026-04-05,등산,17.78761
2026-04-06,등산,14.60176
2026-04-07,등산,16.23893
2026-04-08,등산,14.95575
2026-04-09,등산,13.40707
2026-04-10,등산,16.50442
2026-04-11,등산,21.10619
2026-04-12,등산,20.61946
2026-04-13,등산,19.15929
2026-04-14,등산,17.47787
2026-04-15,등산,17.65486
2026-04-16,등산,17.74336
2026-04-17,등산,18.14159
2026-04-18,등산,23.53982
2026-04-19,등산,23.05309
2026-04-20,등산,19.02654
2026-04-21,등산,18.36283
2026-04-22,등산,16.50442
2026-04-23,등산,17.21238
2026-04-24,등산,27.34513
2026-04-25,등산,32.30088
2026-04-26,등산,28.05309
2026-04-27,등산,21.50442
2026-04-28,등산,18.8938
2026-04-29,등산,20.08849
2026-04-30,등산,22.30088
2026-05-01,등산,27.69911
2026-05-02,등산,22.38938
2026-05-03,등산,18.45132
2026-05-04,등산,26.81415
2026-05-05,등산,24.42477
2026-05-06,등산,15.8407
2026-05-07,등산,15.39823
2026-05-08,등산,18.45132
2026-05-09,등산,21.37168
2026-05-10,등산,25.0
2026-05-11,등산,30.88495
2026-05-12,등산,84.77876
2026-05-13,등산,32.25663
2026-05-14,등산,22.74336
2026-05-15,등산,18.93805
2026-05-16,등산,22.21238
2026-05-17,등산,24.51327
2026-05-18,등산,20.04424
2026-05-19,등산,15.44247
2026-05-20,등산,14.60176
2026-05-21,등산,15.35398
2026-05-22,등산,17.25663
2026-05-23,등산,19.86725
2026-05-24,등산,25.44247
2026-05-25,등산,21.41592
2026-05-26,등산,15.53097
2026-05-27,등산,14.9115
2026-05-28,등산,16.68141
2026-05-29,등산,20.97345
2026-05-30,등산,24.95575
2026-05-31,등산,21.37168
2026-06-01,등산,18.58407
2026-06-02,등산,18.00884
2026-06-03,등산,16.23893
2026-06-04,등산,14.29203
2026-06-05,등산,14.69026
2026-06-06,등산,38.45132
2026-06-07,등산,26.99115
2026-06-08,등산,21.06194
2026-06-09,등산,31.23893
2026-06-10,등산,27.92035
2026-01-01,러닝,31.41592
2026-01-02,러닝,33.62831
2026-01-03,러닝,36.19469
2026-01-04,러닝,46.37168
2026-01-05,러닝,47.92035
2026-01-06,러닝,42.25663
2026-01-07,러닝,46.32743
2026-01-08,러닝,40.30973
2026-01-09,러닝,35.70796
2026-01-10,러닝,30.17699
2026-01-11,러닝,41.46017
2026-01-12,러닝,41.23893
2026-01-13,러닝,36.50442
2026-01-14,러닝,35.53097
2026-01-15,러닝,36.32743
2026-01-16,러닝,29.73451
2026-01-17,러닝,29.77876
2026-01-18,러닝,35.57522
2026-01-19,러닝,36.01769
2026-01-20,러닝,32.74336
2026-01-21,러닝,29.60176
2026-01-22,러닝,28.23008
2026-01-23,러닝,27.21238
2026-01-24,러닝,25.66371
2026-01-25,러닝,37.16814
2026-01-26,러닝,36.90265
2026-01-27,러닝,34.69026
2026-01-28,러닝,31.19469
2026-01-29,러닝,30.97345
2026-01-30,러닝,35.9292
2026-01-31,러닝,28.8938
2026-02-01,러닝,33.45132
2026-02-02,러닝,34.46902
2026-02-03,러닝,35.13274
2026-02-04,러닝,36.81415
2026-02-05,러닝,33.18584
2026-02-06,러닝,29.77876
2026-02-07,러닝,25.13274
2026-02-08,러닝,29.20353
2026-02-09,러닝,30.75221
2026-02-10,러닝,31.72566
2026-02-11,러닝,30.88495
2026-02-12,러닝,31.10619
2026-02-13,러닝,30.57522
2026-02-14,러닝,26.9469
2026-02-15,러닝,32.56637
2026-02-16,러닝,31.54867
2026-02-17,러닝,28.40707
2026-02-18,러닝,35.35398
2026-02-19,러닝,38.36283
2026-02-20,러닝,35.0
2026-02-21,러닝,36.28318
2026-02-22,러닝,42.83185
2026-02-23,러닝,41.41592
2026-02-24,러닝,35.08849
2026-02-25,러닝,38.8053
2026-02-26,러닝,36.50442
2026-02-27,러닝,34.33628
2026-02-28,러닝,34.42477
2026-03-01,러닝,38.58407
2026-03-02,러닝,36.19469
2026-03-03,러닝,44.51327
2026-03-04,러닝,41.54867
2026-03-05,러닝,40.26548
2026-03-06,러닝,32.78761
2026-03-07,러닝,33.00884
2026-03-08,러닝,40.48672
2026-03-09,러닝,47.25663
2026-03-10,러닝,41.19469
2026-03-11,러닝,39.07079
2026-03-12,러닝,41.15044
2026-03-13,러닝,36.63716
2026-03-14,러닝,36.72566
2026-03-15,러닝,44.73451
2026-03-16,러닝,46.54867
2026-03-17,러닝,48.8938
2026-03-18,러닝,37.56637
2026-03-19,러닝,40.17699
2026-03-20,러닝,39.02654
2026-03-21,러닝,40.13274
2026-03-22,러닝,47.34513
2026-03-23,러닝,54.60176
2026-03-24,러닝,64.29203
2026-03-25,러닝,49.24778
2026-03-26,러닝,53.53982
2026-03-27,러닝,41.32743
2026-03-28,러닝,45.0
2026-03-29,러닝,50.66371
2026-03-30,러닝,51.50442
2026-03-31,러닝,55.79646
2026-04-01,러닝,46.23893
2026-04-02,러닝,43.31858
2026-04-03,러닝,41.90265
2026-04-04,러닝,38.8053
2026-04-05,러닝,51.59292
2026-04-06,러닝,51.06194
2026-04-07,러닝,50.48672
2026-04-08,러닝,47.69911
2026-04-09,러닝,40.53097
2026-04-10,러닝,38.09734
2026-04-11,러닝,39.64601
2026-04-12,러닝,46.28318
2026-04-13,러닝,58.62831
2026-04-14,러닝,55.57522
2026-04-15,러닝,50.79646
2026-04-16,러닝,47.69911
2026-04-17,러닝,39.20353
2026-04-18,러닝,39.9115
2026-04-19,러닝,48.40707
2026-04-20,러닝,46.54867
2026-04-21,러닝,45.39823
2026-04-22,러닝,41.28318
2026-04-23,러닝,38.9823
2026-04-24,러닝,37.47787
2026-04-25,러닝,36.76991
2026-04-26,러닝,41.32743
2026-04-27,러닝,42.8761
2026-04-28,러닝,41.28318
2026-04-29,러닝,42.74336
2026-04-30,러닝,35.75221
2026-05-01,러닝,36.41592
2026-05-02,러닝,38.8938
2026-05-03,러닝,36.59292
2026-05-04,러닝,40.88495
2026-05-05,러닝,44.823
2026-05-06,러닝,46.9469
2026-05-07,러닝,42.25663
2026-05-08,러닝,35.97345
2026-05-09,러닝,35.57522
2026-05-10,러닝,43.93805
2026-05-11,러닝,47.34513
2026-05-12,러닝,40.75221
2026-05-13,러닝,46.46017
2026-05-14,러닝,41.63716
2026-05-15,러닝,34.38053
2026-05-16,러닝,36.32743
2026-05-17,러닝,43.23008
2026-05-18,러닝,47.30088
2026-05-19,러닝,43.71681
2026-05-20,러닝,31.63716
2026-05-21,러닝,31.41592
2026-05-22,러닝,33.62831
2026-05-23,러닝,35.04424
2026-05-24,러닝,39.24778
2026-05-25,러닝,46.68141
2026-05-26,러닝,36.59292
2026-05-27,러닝,33.8938
2026-05-28,러닝,34.51327
2026-05-29,러닝,34.24778
2026-05-30,러닝,38.93805
2026-05-31,러닝,44.42477
2026-06-01,러닝,44.64601
2026-06-02,러닝,39.60176
2026-06-03,러닝,39.33628
2026-06-04,러닝,37.74336
2026-06-05,러닝,37.56637
2026-06-06,러닝,36.99115
2026-06-07,러닝,42.56637
2026-06-08,러닝,45.75221
2026-06-09,러닝,44.86725
2026-06-10,러닝,39.64601
2026-01-01,빵지순례,6.73316
2026-01-02,빵지순례,5.05878
2026-01-03,빵지순례,6.48379
2026-01-04,빵지순례,5.80691
2026-01-05,빵지순례,5.45065
2026-01-06,빵지순례,4.27502
2026-01-07,빵지순례,4.2394
2026-01-08,빵지순례,4.3819
2026-01-09,빵지순례,4.6669
2026-01-10,빵지순례,5.0944
2026-01-11,빵지순례,5.0944
2026-01-12,빵지순례,4.63127
2026-01-13,빵지순례,3.56252
2026-01-14,빵지순례,4.34627
2026-01-15,빵지순례,3.84752
2026-01-16,빵지순례,5.30815
2026-01-17,빵지순례,6.09191
2026-01-18,빵지순례,6.37691
2026-01-19,빵지순례,4.2394
2026-01-20,빵지순례,4.16815
2026-01-21,빵지순례,4.45315
2026-01-22,빵지순례,4.20377
2026-01-23,빵지순례,4.70252
2026-01-24,빵지순례,6.55504
2026-01-25,빵지순례,13.68008
2026-01-26,빵지순례,9.3338
2026-01-27,빵지순례,7.08941
2026-01-28,빵지순례,5.34378
2026-01-29,빵지순례,5.73566
2026-01-30,빵지순례,5.70003
2026-01-31,빵지순례,66.76166
2026-02-01,빵지순례,40.2565
2026-02-02,빵지순례,29.21268
2026-02-03,빵지순례,21.41075
2026-02-04,빵지순례,19.20199
2026-02-05,빵지순례,15.67509
2026-02-06,빵지순례,11.68507
2026-02-07,빵지순례,15.92447
2026-02-08,빵지순례,15.14071
2026-02-09,빵지순례,10.22443
2026-02-10,빵지순례,9.36943
2026-02-11,빵지순례,8.65692
2026-02-12,빵지순례,9.40505
2026-02-13,빵지순례,8.0513
2026-02-14,빵지순례,9.83256
2026-02-15,빵지순례,11.61382
2026-02-16,빵지순례,12.68257
2026-02-17,빵지순례,11.40007
2026-02-18,빵지순례,12.8607
2026-02-19,빵지순례,9.97506
2026-02-20,빵지순례,8.79942
2026-02-21,빵지순례,10.40256
2026-02-22,빵지순례,9.29818
2026-02-23,빵지순례,7.62379
2026-02-24,빵지순례,7.65942
2026-02-25,빵지순례,8.12255
2026-02-26,빵지순례,7.19629
2026-02-27,빵지순례,7.33879
2026-02-28,빵지순례,9.12005
2026-03-01,빵지순례,10.79444
2026-03-02,빵지순례,7.62379
2026-03-03,빵지순례,4.6669
2026-03-04,빵지순례,4.59565
2026-03-05,빵지순례,4.2394
2026-03-06,빵지순례,4.77377
2026-03-07,빵지순례,6.44816
2026-03-08,빵지순례,6.62629
2026-03-09,빵지순례,5.48628
2026-03-10,빵지순례,5.45065
2026-03-11,빵지순례,5.20128
2026-03-12,빵지순례,5.66441
2026-03-13,빵지순례,5.45065
2026-03-14,빵지순례,6.59066
2026-03-15,빵지순례,7.51692
2026-03-16,빵지순례,4.91628
2026-03-17,빵지순례,4.98753
2026-03-18,빵지순례,4.59565
2026-03-19,빵지순례,5.70003
2026-03-20,빵지순례,5.05878
2026-03-21,빵지순례,5.80691
2026-03-22,빵지순례,6.09191
2026-03-23,빵지순례,4.98753
2026-03-24,빵지순례,4.0969
2026-03-25,빵지순례,4.41752
2026-03-26,빵지순례,3.63377
2026-03-27,빵지순례,4.0969
2026-03-28,빵지순례,4.6669
2026-03-29,빵지순례,5.30815
2026-03-30,빵지순례,4.3819
2026-03-31,빵지순례,4.56002
2026-04-01,빵지순례,4.27502
2026-04-02,빵지순례,3.34877
2026-04-03,빵지순례,3.74064
2026-04-04,빵지순례,5.30815
2026-04-05,빵지순례,4.6669
2026-04-06,빵지순례,3.88314
2026-04-07,빵지순례,5.5219
2026-04-08,빵지순례,3.45564
2026-04-09,빵지순례,5.77128
2026-04-10,빵지순례,5.2369
2026-04-11,빵지순례,5.02315
2026-04-12,빵지순례,6.30566
2026-04-13,빵지순례,5.30815
2026-04-14,빵지순례,4.41752
2026-04-15,빵지순례,4.27502
2026-04-16,빵지순례,4.5244
2026-04-17,빵지순례,5.13003
2026-04-18,빵지순례,5.13003
2026-04-19,빵지순례,5.73566
2026-04-20,빵지순례,4.59565
2026-04-21,빵지순례,4.56002
2026-04-22,빵지순례,4.8094
2026-04-23,빵지순례,3.95439
2026-04-24,빵지순례,4.56002
2026-04-25,빵지순례,6.05628
2026-04-26,빵지순례,4.34627
2026-04-27,빵지순례,4.41752
2026-04-28,빵지순례,5.16565
2026-04-29,빵지순례,4.88065
2026-04-30,빵지순례,7.73067
2026-05-01,빵지순례,8.94193
2026-05-02,빵지순례,7.30317
2026-05-03,빵지순례,8.40755
2026-05-04,빵지순례,8.65692
2026-05-05,빵지순례,6.59066
2026-05-06,빵지순례,5.20128
2026-05-07,빵지순례,6.41254
2026-05-08,빵지순례,8.97755
2026-05-09,빵지순례,11.79194
2026-05-10,빵지순례,13.25258
2026-05-11,빵지순례,5.70003
2026-05-12,빵지순례,5.20128
2026-05-13,빵지순례,4.16815
2026-05-14,빵지순례,4.98753
2026-05-15,빵지순례,3.27752
2026-05-16,빵지순례,4.84503
2026-05-17,빵지순례,4.9519
2026-05-18,빵지순례,3.70502
2026-05-19,빵지순례,4.31065
2026-05-20,빵지순례,3.99002
2026-05-21,빵지순례,5.62878
2026-05-22,빵지순례,4.8094
2026-05-23,빵지순례,5.59315
2026-05-24,빵지순례,7.01816
2026-05-25,빵지순례,5.98503
2026-05-26,빵지순례,5.13003
2026-05-27,빵지순례,3.70502
2026-05-28,빵지순례,3.99002
2026-05-29,빵지순례,4.91628
2026-05-30,빵지순례,5.45065
2026-05-31,빵지순례,5.55753
2026-06-01,빵지순례,4.27502
2026-06-02,빵지순례,4.31065
2026-06-03,빵지순례,5.41503
2026-06-04,빵지순례,4.48877
2026-06-05,빵지순례,4.45315
2026-06-06,빵지순례,6.27003
2026-06-07,빵지순례,7.94442
2026-06-08,빵지순례,6.27003
2026-06-09,빵지순례,4.73815
2026-06-10,빵지순례,5.70003
2026-01-01,카페,80.53097
2026-01-02,카페,38.76106
2026-01-03,카페,53.27433
2026-01-04,카페,47.16814
2026-01-05,카페,19.69026
2026-01-06,카페,19.20353
2026-01-07,카페,21.81415
2026-01-08,카페,18.23008
2026-01-09,카페,20.26548
2026-01-10,카페,35.57522
2026-01-11,카페,38.62831
2026-01-12,카페,16.37168
2026-01-13,카페,15.39823
2026-01-14,카페,17.21238
2026-01-15,카페,17.21238
2026-01-16,카페,20.61946
2026-01-17,카페,38.8053
2026-01-18,카페,43.31858
2026-01-19,카페,18.8053
2026-01-20,카페,19.42477
2026-01-21,카페,17.83185
2026-01-22,카페,17.92035
2026-01-23,카페,19.60176
2026-01-24,카페,39.51327
2026-01-25,카페,47.12389
2026-01-26,카페,17.25663
2026-01-27,카페,17.34513
2026-01-28,카페,15.8407
2026-01-29,카페,12.92035
2026-01-30,카페,13.8053
2026-01-31,카페,30.35398
2026-02-01,카페,31.28318
2026-02-02,카페,11.81415
2026-02-03,카페,12.52212
2026-02-04,카페,12.16814
2026-02-05,카페,14.38053
2026-02-06,카페,14.77876
2026-02-07,카페,28.14159
2026-02-08,카페,27.8761
2026-02-09,카페,12.9646
2026-02-10,카페,10.70796
2026-02-11,카페,12.43362
2026-02-12,카페,13.14159
2026-02-13,카페,14.24778
2026-02-14,카페,20.9292
2026-02-15,카페,27.92035
2026-02-16,카페,35.53097
2026-02-17,카페,43.53982
2026-02-18,카페,41.10619
2026-02-19,카페,13.27433
2026-02-20,카페,14.64601
2026-02-21,카페,33.36283
2026-02-22,카페,26.76991
2026-02-23,카페,13.45132
2026-02-24,카페,12.9646
2026-02-25,카페,14.11504
2026-02-26,카페,12.78761
2026-02-27,카페,13.71681
2026-02-28,카페,27.38938
2026-03-01,카페,32.47787
2026-03-02,카페,28.05309
2026-03-03,카페,9.69026
2026-03-04,카페,10.30973
2026-03-05,카페,9.55752
2026-03-06,카페,12.38938
2026-03-07,카페,26.41592
2026-03-08,카페,27.69911
2026-03-09,카페,11.54867
2026-03-10,카페,11.15044
2026-03-11,카페,9.42477
2026-03-12,카페,10.97345
2026-03-13,카페,12.03539
2026-03-14,카페,28.18584
2026-03-15,카페,32.30088
2026-03-16,카페,10.44247
2026-03-17,카페,10.75221
2026-03-18,카페,11.19469
2026-03-19,카페,11.8584
2026-03-20,카페,13.67256
2026-03-21,카페,26.9469
2026-03-22,카페,29.11504
2026-03-23,카페,11.90265
2026-03-24,카페,10.8407
2026-03-25,카페,11.23893
2026-03-26,카페,11.63716
2026-03-27,카페,12.47787
2026-03-28,카페,26.06194
2026-03-29,카페,22.25663
2026-03-30,카페,10.97345
2026-03-31,카페,9.95575
2026-04-01,카페,10.04424
2026-04-02,카페,11.50442
2026-04-03,카페,10.08849
2026-04-04,카페,22.12389
2026-04-05,카페,25.08849
2026-04-06,카페,10.30973
2026-04-07,카페,9.73451
2026-04-08,카페,11.72566
2026-04-09,카페,10.48672
2026-04-10,카페,10.9292
2026-04-11,카페,23.36283
2026-04-12,카페,22.83185
2026-04-13,카페,9.95575
2026-04-14,카페,10.8407
2026-04-15,카페,9.823
2026-04-16,카페,11.28318
2026-04-17,카페,12.34513
2026-04-18,카페,23.8938
2026-04-19,카페,25.30973
2026-04-20,카페,12.07964
2026-04-21,카페,12.03539
2026-04-22,카페,11.72566
2026-04-23,카페,10.66371
2026-04-24,카페,13.27433
2026-04-25,카페,23.45132
2026-04-26,카페,25.53097
2026-04-27,카페,10.0
2026-04-28,카페,11.90265
2026-04-29,카페,10.97345
2026-04-30,카페,11.99115
2026-05-01,카페,28.53982
2026-05-02,카페,28.8938
2026-05-03,카페,31.90265
2026-05-04,카페,23.23008
2026-05-05,카페,34.15929
2026-05-06,카페,10.22123
2026-05-07,카페,9.46902
2026-05-08,카페,12.78761
2026-05-09,카페,25.0
2026-05-10,카페,26.72566
2026-05-11,카페,10.9292
2026-05-12,카페,10.57522
2026-05-13,카페,10.08849
2026-05-14,카페,10.88495
2026-05-15,카페,11.54867
2026-05-16,카페,24.46902
2026-05-17,카페,26.10619
2026-05-18,카페,10.70796
2026-05-19,카페,11.10619
2026-05-20,카페,9.86725
2026-05-21,카페,9.95575
2026-05-22,카페,12.47787
2026-05-23,카페,24.29203
2026-05-24,카페,31.63716
2026-05-25,카페,28.18584
2026-05-26,카페,8.67256
2026-05-27,카페,9.77876
2026-05-28,카페,10.88495
2026-05-29,카페,12.92035
2026-05-30,카페,24.38053
2026-05-31,카페,25.9292
2026-06-01,카페,9.02654
2026-06-02,카페,12.74336
2026-06-03,카페,26.23893
2026-06-04,카페,10.26548
2026-06-05,카페,13.18584
2026-06-06,카페,27.47787
2026-06-07,카페,21.28318
2026-06-08,카페,10.39823
2026-06-09,카페,8.40707
2026-06-10,카페,8.05309
2026-01-01,캠핑,38.58407
2026-01-02,캠핑,36.15044
2026-01-03,캠핑,35.44247
2026-01-04,캠핑,39.07079
2026-01-05,캠핑,34.55752
2026-01-06,캠핑,31.9469
2026-01-07,캠핑,32.30088
2026-01-08,캠핑,31.32743
2026-01-09,캠핑,31.81415
2026-01-10,캠핑,38.8053
2026-01-11,캠핑,39.51327
2026-01-12,캠핑,35.17699
2026-01-13,캠핑,32.38938
2026-01-14,캠핑,31.46017
2026-01-15,캠핑,33.23008
2026-01-16,캠핑,43.53982
2026-01-17,캠핑,41.01769
2026-01-18,캠핑,45.08849
2026-01-19,캠핑,44.73451
2026-01-20,캠핑,37.03539
2026-01-21,캠핑,35.8407
2026-01-22,캠핑,36.23893
2026-01-23,캠핑,33.8938
2026-01-24,캠핑,35.44247
2026-01-25,캠핑,43.05309
2026-01-26,캠핑,42.34513
2026-01-27,캠핑,40.75221
2026-01-28,캠핑,37.61061
2026-01-29,캠핑,40.0
2026-01-30,캠핑,38.9823
2026-01-31,캠핑,40.26548
2026-02-01,캠핑,51.9469
2026-02-02,캠핑,38.8938
2026-02-03,캠핑,37.74336
2026-02-04,캠핑,37.74336
2026-02-05,캠핑,91.19469
2026-02-06,캠핑,34.55752
2026-02-07,캠핑,35.53097
2026-02-08,캠핑,43.27433
2026-02-09,캠핑,42.03539
2026-02-10,캠핑,39.46902
2026-02-11,캠핑,34.86725
2026-02-12,캠핑,36.54867
2026-02-13,캠핑,33.76106
2026-02-14,캠핑,42.74336
2026-02-15,캠핑,41.06194
2026-02-16,캠핑,37.21238
2026-02-17,캠핑,36.37168
2026-02-18,캠핑,42.65486
2026-02-19,캠핑,44.07079
2026-02-20,캠핑,41.10619
2026-02-21,캠핑,44.46902
2026-02-22,캠핑,48.71681
2026-02-23,캠핑,47.03539
2026-02-24,캠핑,41.9469
2026-02-25,캠핑,44.51327
2026-02-26,캠핑,43.49557
2026-02-27,캠핑,42.21238
2026-02-28,캠핑,50.22123
2026-03-01,캠핑,44.42477
2026-03-02,캠핑,40.30973
2026-03-03,캠핑,35.97345
2026-03-04,캠핑,32.78761
2026-03-05,캠핑,35.9292
2026-03-06,캠핑,33.53982
2026-03-07,캠핑,38.45132
2026-03-08,캠핑,43.05309
2026-03-09,캠핑,39.69026
2026-03-10,캠핑,40.39823
2026-03-11,캠핑,39.11504
2026-03-12,캠핑,40.66371
2026-03-13,캠핑,40.75221
2026-03-14,캠핑,43.84955
2026-03-15,캠핑,49.11504
2026-03-16,캠핑,47.25663
2026-03-17,캠핑,44.24778
2026-03-18,캠핑,40.35398
2026-03-19,캠핑,41.28318
2026-03-20,캠핑,45.13274
2026-03-21,캠핑,50.17699
2026-03-22,캠핑,50.61946
2026-03-23,캠핑,55.53097
2026-03-24,캠핑,52.07964
2026-03-25,캠핑,48.36283
2026-03-26,캠핑,45.48672
2026-03-27,캠핑,47.92035
2026-03-28,캠핑,48.62831
2026-03-29,캠핑,54.51327
2026-03-30,캠핑,55.61946
2026-03-31,캠핑,48.76106
2026-04-01,캠핑,50.39823
2026-04-02,캠핑,50.53097
2026-04-03,캠핑,48.36283
2026-04-04,캠핑,48.8053
2026-04-05,캠핑,54.15929
2026-04-06,캠핑,60.26548
2026-04-07,캠핑,53.8053
2026-04-08,캠핑,56.46017
2026-04-09,캠핑,53.49557
2026-04-10,캠핑,53.05309
2026-04-11,캠핑,54.29203
2026-04-12,캠핑,67.34513
2026-04-13,캠핑,74.51327
2026-04-14,캠핑,62.83185
2026-04-15,캠핑,61.10619
2026-04-16,캠핑,61.41592
2026-04-17,캠핑,76.90265
2026-04-18,캠핑,70.53097
2026-04-19,캠핑,73.36283
2026-04-20,캠핑,73.05309
2026-04-21,캠핑,69.11504
2026-04-22,캠핑,69.33628
2026-04-23,캠핑,67.83185
2026-04-24,캠핑,65.48672
2026-04-25,캠핑,67.34513
2026-04-26,캠핑,87.56637
2026-04-27,캠핑,91.50442
2026-04-28,캠핑,86.68141
2026-04-29,캠핑,86.8584
2026-04-30,캠핑,98.18584
2026-05-01,캠핑,100.0
2026-05-02,캠핑,81.41592
2026-05-03,캠핑,76.9469
2026-05-04,캠핑,72.92035
2026-05-05,캠핑,66.99115
2026-05-06,캠핑,55.39823
2026-05-07,캠핑,49.60176
2026-05-08,캠핑,48.49557
2026-05-09,캠핑,56.90265
2026-05-10,캠핑,62.21238
2026-05-11,캠핑,59.64601
2026-05-12,캠핑,57.52212
2026-05-13,캠핑,55.44247
2026-05-14,캠핑,52.52212
2026-05-15,캠핑,50.88495
2026-05-16,캠핑,55.61946
2026-05-17,캠핑,64.60176
2026-05-18,캠핑,71.81415
2026-05-19,캠핑,66.28318
2026-05-20,캠핑,60.08849
2026-05-21,캠핑,63.93805
2026-05-22,캠핑,76.46017
2026-05-23,캠핑,83.05309
2026-05-24,캠핑,74.15929
2026-05-25,캠핑,59.95575
2026-05-26,캠핑,55.88495
2026-05-27,캠핑,50.57522
2026-05-28,캠핑,52.16814
2026-05-29,캠핑,56.06194
2026-05-30,캠핑,59.73451
2026-05-31,캠핑,56.01769
2026-06-01,캠핑,61.06194
2026-06-02,캠핑,46.90265
2026-06-03,캠핑,48.40707
2026-06-04,캠핑,45.8407
2026-06-05,캠핑,60.66371
2026-06-06,캠핑,67.56637
2026-06-07,캠핑,61.23893
2026-06-08,캠핑,57.47787
2026-06-09,캠핑,56.76991
2026-06-10,캠핑,57.78761
2026-01-01,클라이밍,48.48592
2026-01-02,클라이밍,51.47844
2026-01-03,클라이밍,53.50908
2026-01-04,클라이밍,51.01531
2026-01-05,클라이밍,48.05842
2026-01-06,클라이밍,47.48842
2026-01-07,클라이밍,45.67153
2026-01-08,클라이밍,47.70217
2026-01-09,클라이밍,43.24902
2026-01-10,클라이밍,50.12468
2026-01-11,클라이밍,52.65407
2026-01-12,클라이밍,45.70716
2026-01-13,클라이밍,46.95404
2026-01-14,클라이밍,41.64588
2026-01-15,클라이밍,40.61275
2026-01-16,클라이밍,39.68649
2026-01-17,클라이밍,49.80406
2026-01-18,클라이밍,50.33843
2026-01-19,클라이밍,44.42465
2026-01-20,클라이밍,46.56216
2026-01-21,클라이밍,42.75026
2026-01-22,클라이밍,42.53651
2026-01-23,클라이밍,43.10651
2026-01-24,클라이밍,50.19593
2026-01-25,클라이밍,56.60847
2026-01-26,클라이밍,48.80655
2026-01-27,클라이밍,41.96651
2026-01-28,클라이밍,41.75276
2026-01-29,클라이밍,42.42964
2026-01-30,클라이밍,43.28464
2026-01-31,클라이밍,48.8778
2026-02-01,클라이밍,47.77342
2026-02-02,클라이밍,42.78589
2026-02-03,클라이밍,40.29212
2026-02-04,클라이밍,40.93338
2026-02-05,클라이밍,42.42964
2026-02-06,클라이밍,46.20591
2026-02-07,클라이밍,50.73031
2026-02-08,클라이밍,55.04096
2026-02-09,클라이밍,41.68151
2026-02-10,클라이밍,40.07837
2026-02-11,클라이밍,39.93587
2026-02-12,클라이밍,36.69397
2026-02-13,클라이밍,38.97399
2026-02-14,클라이밍,46.34841
2026-02-15,클라이밍,48.98468
2026-02-16,클라이밍,48.84218
2026-02-17,클라이밍,47.02529
2026-02-18,클라이밍,49.48343
2026-02-19,클라이밍,41.539
2026-02-20,클라이밍,40.36337
2026-02-21,클라이밍,50.90844
2026-02-22,클라이밍,50.26718
2026-02-23,클라이밍,45.3509
2026-02-24,클라이밍,41.93088
2026-02-25,클라이밍,40.32775
2026-02-26,클라이밍,40.14962
2026-02-27,클라이밍,38.61774
2026-02-28,클라이밍,44.95903
2026-03-01,클라이밍,48.69967
2026-03-02,클라이밍,51.26469
2026-03-03,클라이밍,38.97399
2026-03-04,클라이밍,39.00961
2026-03-05,클라이밍,35.76772
2026-03-06,클라이밍,36.80085
2026-03-07,클라이밍,47.23904
2026-03-08,클라이밍,50.16031
2026-03-09,클라이밍,35.26897
2026-03-10,클라이밍,34.52084
2026-03-11,클라이밍,38.29711
2026-03-12,클라이밍,35.44709
2026-03-13,클라이밍,37.2996
2026-03-14,클라이밍,49.26968
2026-03-15,클라이밍,49.41218
2026-03-16,클라이밍,38.65336
2026-03-17,클라이밍,41.1115
2026-03-18,클라이밍,34.20021
2026-03-19,클라이밍,34.30708
2026-03-20,클라이밍,37.51335
2026-03-21,클라이밍,44.03277
2026-03-22,클라이밍,42.99964
2026-03-23,클라이밍,36.55147
2026-03-24,클라이밍,35.37584
2026-03-25,클라이밍,34.37833
2026-03-26,클라이밍,35.34022
2026-03-27,클라이밍,30.63769
2026-03-28,클라이밍,44.03277
2026-03-29,클라이밍,39.86462
2026-03-30,클라이밍,35.55397
2026-03-31,클라이밍,35.87459
2026-04-01,클라이밍,33.02458
2026-04-02,클라이밍,31.92019
2026-04-03,클라이밍,33.95083
2026-04-04,클라이밍,41.68151
2026-04-05,클라이밍,35.55397
2026-04-06,클라이밍,34.62771
2026-04-07,클라이밍,33.3452
2026-04-08,클라이밍,34.84146
2026-04-09,클라이밍,30.31706
2026-04-10,클라이밍,32.81083
2026-04-11,클라이밍,39.82899
2026-04-12,클라이밍,38.29711
2026-04-13,클라이밍,33.91521
2026-04-14,클라이밍,32.88208
2026-04-15,클라이밍,32.09832
2026-04-16,클라이밍,32.27645
2026-04-17,클라이밍,32.4902
2026-04-18,클라이밍,36.48022
2026-04-19,클라이밍,37.83398
2026-04-20,클라이밍,34.80584
2026-04-21,클라이밍,31.84894
2026-04-22,클라이밍,30.67331
2026-04-23,클라이밍,34.84146
2026-04-24,클라이밍,33.23833
2026-04-25,클라이밍,39.15211
2026-04-26,클라이밍,42.07338
2026-04-27,클라이밍,38.19023
2026-04-28,클라이밍,34.94834
2026-04-29,클라이밍,34.77021
2026-04-30,클라이밍,34.62771
2026-05-01,클라이밍,47.06091
2026-05-02,클라이밍,50.62344
2026-05-03,클라이밍,51.83469
2026-05-04,클라이밍,49.0203
2026-05-05,클라이밍,50.80156
2026-05-06,클라이밍,37.69148
2026-05-07,클라이밍,33.70146
2026-05-08,클라이밍,31.31457
2026-05-09,클라이밍,41.539
2026-05-10,클라이밍,40.93338
2026-05-11,클라이밍,33.73708
2026-05-12,클라이밍,34.20021
2026-05-13,클라이밍,34.37833
2026-05-14,클라이밍,31.95582
2026-05-15,클라이밍,34.09333
2026-05-16,클라이밍,42.46526
2026-05-17,클라이밍,44.3534
2026-05-18,클라이밍,38.72461
2026-05-19,클라이밍,34.98396
2026-05-20,클라이밍,31.70644
2026-05-21,클라이밍,30.85144
2026-05-22,클라이밍,37.5846
2026-05-23,클라이밍,42.18026
2026-05-24,클라이밍,47.98717
2026-05-25,클라이밍,45.70716
2026-05-26,클라이밍,33.3452
2026-05-27,클라이밍,34.20021
2026-05-28,클라이밍,32.9177
2026-05-29,클라이밍,33.16708
2026-05-30,클라이밍,46.45529
2026-05-31,클라이밍,45.2084
2026-06-01,클라이밍,33.16708
2026-06-02,클라이밍,36.48022
2026-06-03,클라이밍,41.61026
2026-06-04,클라이밍,32.59707
2026-06-05,클라이밍,35.37584
2026-06-06,클라이밍,78.23298
2026-06-07,클라이밍,60.3135
2026-06-08,클라이밍,45.77841
2026-06-09,클라이밍,39.18774
2026-06-10,클라이밍,36.94335
2026-01-01,피크닉,25.0089
2026-01-02,피크닉,23.58389
2026-01-03,피크닉,27.28892
2026-01-04,피크닉,27.32454
2026-01-05,피크닉,17.20698
2026-01-06,피크닉,17.06448
2026-01-07,피크닉,18.09761
2026-01-08,피크닉,17.91948
2026-01-09,피크닉,18.20448
2026-01-10,피크닉,20.44887
2026-01-11,피크닉,21.58888
2026-01-12,피크닉,20.55575
2026-01-13,피크닉,19.05949
2026-01-14,피크닉,16.99323
2026-01-15,피크닉,19.45137
2026-01-16,피크닉,24.7239
2026-01-17,피크닉,29.17705
2026-01-18,피크닉,29.67581
2026-01-19,피크닉,26.39828
2026-01-20,피크닉,24.90203
2026-01-21,피크닉,25.2939
2026-01-22,피크닉,23.37014
2026-01-23,피크닉,22.58639
2026-01-24,피크닉,26.68329
2026-01-25,피크닉,26.25578
2026-01-26,피크닉,23.86889
2026-01-27,피크닉,24.18952
2026-01-28,피크닉,23.37014
2026-01-29,피크닉,23.22764
2026-01-30,피크닉,21.62451
2026-01-31,피크닉,22.05201
2026-02-01,피크닉,22.33701
2026-02-02,피크닉,19.77199
2026-02-03,피크닉,20.27075
2026-02-04,피크닉,19.66512
2026-02-05,피크닉,20.4845
2026-02-06,피크닉,19.09511
2026-02-07,피크닉,21.12575
2026-02-08,피크닉,21.80263
2026-02-09,피크닉,18.45386
2026-02-10,피크닉,18.66761
2026-02-11,피크닉,19.52262
2026-02-12,피크닉,20.627
2026-02-13,피크닉,21.16138
2026-02-14,피크닉,20.94763
2026-02-15,피크닉,23.19201
2026-02-16,피크닉,18.41824
2026-02-17,피크닉,17.81261
2026-02-18,피크닉,19.87887
2026-02-19,피크닉,21.23263
2026-02-20,피크닉,26.14891
2026-02-21,피크닉,27.93017
2026-02-22,피크닉,22.97826
2026-02-23,피크닉,19.52262
2026-02-24,피크닉,18.59636
2026-02-25,피크닉,20.98325
2026-02-26,피크닉,21.41075
2026-02-27,피크닉,22.69326
2026-02-28,피크닉,25.97078
2026-03-01,피크닉,21.30388
2026-03-02,피크닉,17.34948
2026-03-03,피크닉,17.34948
2026-03-04,피크닉,18.20448
2026-03-05,피크닉,17.2426
2026-03-06,피크닉,16.70822
2026-03-07,피크닉,18.66761
2026-03-08,피크닉,20.87638
2026-03-09,피크닉,19.66512
2026-03-10,피크닉,19.23762
2026-03-11,피크닉,20.41325
2026-03-12,피크닉,21.30388
2026-03-13,피크닉,25.75703
2026-03-14,피크닉,23.37014
2026-03-15,피크닉,22.08763
2026-03-16,피크닉,24.04702
2026-03-17,피크닉,24.36765
2026-03-18,피크닉,22.12326
2026-03-19,피크닉,24.51015
2026-03-20,피크닉,28.03705
2026-03-21,피크닉,27.93017
2026-03-22,피크닉,33.84396
2026-03-23,피크닉,34.80584
2026-03-24,피크닉,34.27146
2026-03-25,피크닉,36.94335
2026-03-26,피크닉,36.26647
2026-03-27,피크닉,34.94834
2026-03-28,피크닉,39.40149
2026-03-29,피크닉,42.85714
2026-03-30,피크닉,32.9177
2026-03-31,피크닉,33.4877
2026-04-01,피크닉,34.48521
2026-04-02,피크닉,45.56465
2026-04-03,피크닉,60.456
2026-04-04,피크닉,59.63662
2026-04-05,피크닉,52.01282
2026-04-06,피크닉,39.72212
2026-04-07,피크닉,51.01531
2026-04-08,피크닉,52.15532
2026-04-09,피크닉,35.83897
2026-04-10,피크닉,40.71962
2026-04-11,피크닉,47.41717
2026-04-12,피크닉,54.00783
2026-04-13,피크닉,52.33345
2026-04-14,피크닉,44.70965
2026-04-15,피크닉,46.45529
2026-04-16,피크닉,48.27217
2026-04-17,피크닉,45.3509
2026-04-18,피크닉,55.07659
2026-04-19,피크닉,55.68222
2026-04-20,피크닉,39.65087
2026-04-21,피크닉,40.61275
2026-04-22,피크닉,37.22835
2026-04-23,피크닉,45.77841
2026-04-24,피크닉,56.25222
2026-04-25,피크닉,61.80976
2026-04-26,피크닉,62.16601
2026-04-27,피크닉,45.42215
2026-04-28,피크닉,43.81902
2026-04-29,피크닉,50.26718
2026-04-30,피크닉,54.86284
2026-05-01,피크닉,69.11293
2026-05-02,피크닉,51.97719
2026-05-03,피크닉,40.71962
2026-05-04,피크닉,63.84039
2026-05-05,피크닉,68.18667
2026-05-06,피크닉,45.77841
2026-05-07,피크닉,39.75774
2026-05-08,피크닉,47.84467
2026-05-09,피크닉,67.79479
2026-05-10,피크닉,62.59351
2026-05-11,피크닉,39.50837
2026-05-12,피크닉,41.89526
2026-05-13,피크닉,49.41218
2026-05-14,피크닉,45.67153
2026-05-15,피크닉,49.4478
2026-05-16,피크닉,62.66476
2026-05-17,피크닉,53.61596
2026-05-18,피크닉,41.3965
2026-05-19,피크닉,35.73209
2026-05-20,피크닉,31.42144
2026-05-21,피크닉,33.66583
2026-05-22,피크닉,46.77591
2026-05-23,피크닉,59.77912
2026-05-24,피크닉,68.5073
2026-05-25,피크닉,49.4478
2026-05-26,피크닉,28.42892
2026-05-27,피크닉,28.85643
2026-05-28,피크닉,31.06519
2026-05-29,피크닉,40.00712
2026-05-30,피크닉,49.41218
2026-05-31,피크닉,42.46526
2026-06-01,피크닉,32.31207
2026-06-02,피크닉,33.4877
2026-06-03,피크닉,37.1571
2026-06-04,피크닉,26.68329
2026-06-05,피크닉,37.26398
2026-06-06,피크닉,43.21339
2026-06-07,피크닉,30.78019
2026-06-08,피크닉,30.56644
2026-06-09,피크닉,29.64018
2026-06-10,피크닉,29.96081
2026-01-01,호캕스,0.49875
2026-01-02,호캕스,0.24937
2026-01-04,호캕스,0.35625
2026-01-05,호캕스,0.46312
2026-01-06,호캕스,0.39187
2026-01-07,호캕스,0.60562
2026-01-08,호캕스,0.81938
2026-01-09,호캕스,0.39187
2026-01-10,호캕스,0.39187
2026-01-11,호캕스,0.35625
2026-01-12,호캕스,0.64125
2026-01-13,호캕스,0.46312
2026-01-14,호캕스,0.32062
2026-01-15,호캕스,0.35625
2026-01-16,호캕스,0.21375
2026-01-17,호캕스,0.285
2026-01-18,호캕스,0.4275
2026-01-19,호캕스,0.24937
2026-01-20,호캕스,0.32062
2026-01-21,호캕스,0.74812
2026-01-22,호캕스,0.46312
2026-01-23,호캕스,0.67687
2026-01-24,호캕스,0.21375
2026-01-25,호캕스,0.4275
2026-01-26,호캕스,0.39187
2026-01-27,호캕스,0.64125
2026-01-28,호캕스,0.32062
2026-01-29,호캕스,0.46312
2026-01-30,호캕스,0.4275
2026-01-31,호캕스,0.60562
2026-02-01,호캕스,0.81938
2026-02-02,호캕스,0.24937
2026-02-03,호캕스,0.57
2026-02-04,호캕스,0.35625
2026-02-05,호캕스,0.4275
2026-02-06,호캕스,0.39187
2026-02-07,호캕스,0.32062
2026-02-08,호캕스,0.49875
2026-02-09,호캕스,1.03313
2026-02-10,호캕스,0.4275
2026-02-11,호캕스,0.74812
2026-02-12,호캕스,0.46312
2026-02-13,호캕스,0.60562
2026-02-14,호캕스,0.46312
2026-02-15,호캕스,0.67687
2026-02-16,호캕스,0.285
2026-02-17,호캕스,0.21375
2026-02-18,호캕스,0.81938
2026-02-19,호캕스,0.67687
2026-02-20,호캕스,0.60562
2026-02-21,호캕스,0.285
2026-02-22,호캕스,0.24937
2026-02-23,호캕스,0.57
2026-02-24,호캕스,0.24937
2026-02-25,호캕스,0.35625
2026-02-26,호캕스,0.21375
2026-02-27,호캕스,0.64125
2026-02-28,호캕스,0.39187
2026-03-01,호캕스,0.17812
2026-03-02,호캕스,0.49875
2026-03-03,호캕스,0.24937
2026-03-04,호캕스,0.17812
2026-03-05,호캕스,0.24937
2026-03-06,호캕스,0.24937
2026-03-07,호캕스,0.49875
2026-03-08,호캕스,0.24937
2026-03-09,호캕스,0.21375
2026-03-10,호캕스,0.78375
2026-03-11,호캕스,0.39187
2026-03-12,호캕스,0.285
2026-03-13,호캕스,0.60562
2026-03-14,호캕스,0.24937
2026-03-15,호캕스,0.32062
2026-03-16,호캕스,0.32062
2026-03-17,호캕스,0.17812
2026-03-18,호캕스,0.21375
2026-03-19,호캕스,0.17812
2026-03-20,호캕스,0.17812
2026-03-21,호캕스,0.17812
2026-03-22,호캕스,0.57
2026-03-23,호캕스,0.67687
2026-03-24,호캕스,0.39187
2026-03-25,호캕스,0.285
2026-03-26,호캕스,0.53437
2026-03-27,호캕스,0.4275
2026-03-28,호캕스,0.17812
2026-03-29,호캕스,0.24937
2026-03-30,호캕스,0.49875
2026-03-31,호캕스,0.46312
2026-04-01,호캕스,0.35625
2026-04-02,호캕스,0.53437
2026-04-04,호캕스,0.21375
2026-04-06,호캕스,0.17812
2026-04-07,호캕스,0.46312
2026-04-08,호캕스,0.49875
2026-04-09,호캕스,0.49875
2026-04-10,호캕스,0.46312
2026-04-11,호캕스,0.24937
2026-04-13,호캕스,0.46312
2026-04-15,호캕스,0.53437
2026-04-16,호캕스,0.35625
2026-04-18,호캕스,0.49875
2026-04-19,호캕스,0.35625
2026-04-20,호캕스,0.46312
2026-04-21,호캕스,0.57
2026-04-22,호캕스,0.35625
2026-04-23,호캕스,0.60562
2026-04-24,호캕스,0.32062
2026-04-25,호캕스,0.285
2026-04-26,호캕스,0.7125
2026-04-27,호캕스,0.67687
2026-04-28,호캕스,0.53437
2026-04-29,호캕스,0.4275
2026-04-30,호캕스,0.4275
2026-05-01,호캕스,0.4275
2026-05-02,호캕스,0.32062
2026-05-03,호캕스,0.32062
2026-05-05,호캕스,0.35625
2026-05-06,호캕스,0.78375
2026-05-07,호캕스,0.78375
2026-05-08,호캕스,0.17812
2026-05-09,호캕스,0.17812
2026-05-10,호캕스,0.285
2026-05-11,호캕스,0.24937
2026-05-12,호캕스,0.32062
2026-05-13,호캕스,0.46312
2026-05-14,호캕스,0.24937
2026-05-15,호캕스,0.35625
2026-05-16,호캕스,0.285
2026-05-17,호캕스,0.32062
2026-05-19,호캕스,0.64125
2026-05-20,호캕스,0.17812
2026-05-21,호캕스,0.60562
2026-05-22,호캕스,0.21375
2026-05-23,호캕스,0.35625
2026-05-24,호캕스,0.24937
2026-05-25,호캕스,0.4275
2026-05-26,호캕스,0.17812
2026-05-27,호캕스,0.4275
2026-05-28,호캕스,0.39187
2026-05-29,호캕스,0.32062
2026-05-30,호캕스,0.39187
2026-05-31,호캕스,0.64125
2026-06-01,호캕스,0.24937
2026-06-02,호캕스,0.35625
2026-06-03,호캕스,0.32062
2026-06-04,호캕스,0.17812
2026-06-05,호캕스,0.35625
2026-06-06,호캕스,0.24937
2026-06-07,호캕스,0.35625
2026-06-09,호캕스,0.285
2026-06-10,호캕스,0.17812
